{"cameraMode":{"drawMode":0,"name":"Shaded","section":"Shading Mode"},"sceneLighting":false,"audioPlay":false,"sceneViewState":{"m_AlwaysRefresh":false,"showFog":true,"showSkybox":false,"showFlares":true,"showImageEffects":true,"showParticleSystems":true,"showVisualEffectGraphs":true,"m_FxEnabled":true},"in2DMode":false,"pivot":{"x":276.91094970703127,"y":236.59848022460938,"z":100.19522094726563},"rotation":{"x":0.2655937671661377,"y":0.18229235708713532,"z":-0.05121621862053871,"w":0.9453102946281433},"size":248.28778076171876,"orthographic":false}