{"cameraMode":{"drawMode":0,"name":"Shaded","section":"Shading Mode"},"sceneLighting":true,"audioPlay":false,"sceneViewState":{"m_AlwaysRefresh":false,"showFog":true,"showSkybox":true,"showFlares":true,"showImageEffects":true,"showParticleSystems":true,"showVisualEffectGraphs":true,"m_FxEnabled":true},"in2DMode":false,"pivot":{"x":3.2389488220214845,"y":-9.781243324279786,"z":6.271538734436035},"rotation":{"x":0.34795328974723818,"y":0.21247319877147675,"z":-0.08128650486469269,"w":0.9094957113265991},"size":14.069018363952637,"orthographic":false}