{"cameraMode":{"drawMode":0,"name":"Shaded","section":"Shading Mode"},"sceneLighting":true,"audioPlay":false,"sceneViewState":{"m_AlwaysRefresh":false,"showFog":true,"showSkybox":true,"showFlares":true,"showImageEffects":true,"showParticleSystems":true,"showVisualEffectGraphs":true,"m_FxEnabled":true},"in2DMode":false,"pivot":{"x":13.237863540649414,"y":-11.734199523925782,"z":10.616796493530274},"rotation":{"x":0.26522308588027956,"y":0.3431452512741089,"z":-0.10165189951658249,"w":0.8953122496604919},"size":23.443645477294923,"orthographic":false}